Priority,Recommendation,Lead Stakeholder,Timeframe,Cost Range,Expected Outcome,Key Risk
1,Establish pre-funding facilities before reserves drop below 3 months imports,Ministry of Finance / Central Bank,0-6 months,$2-5bn (facility setup),Avoid auction failure,Market access deterioration
2,Implement liability management operations for 2026 maturities,Debt Management Office,6-18 months,$50-100mn (transaction costs),Reduce rollover concentration,Creditor coordination challenges
3,Deepen domestic debt markets with benchmark yield curve,Central Bank / Securities Regulator,12-36 months,$10-20mn (capacity building),Increase local investor base,Liquidity constraints
4,Secure IMF/IFI contingent credit lines,Ministry of Finance,0-12 months,N/A (program fees),Credibility buffer,Program conditionality
5,Develop FX hedging instruments for investors,Central Bank / Derivatives Exchange,12-24 months,$5-10mn,Reduce currency risk premium,Market depth limitations
6,Enhance debt transparency and reporting,Debt Management Office,0-6 months,$1-2mn,Improve market confidence,Data quality issues
7,Establish sovereign wealth/contingency fund,Ministry of Finance,24-48 months,Variable,Buffer for future shocks,Fiscal constraints
8,Strengthen SOE governance and contingent liability management,Ministry of Finance / SOE Board,12-36 months,$5-15mn,Reduce fiscal risks,Political interference
Source: CEDX Policy Analysis
